telegramId,postUrl
"20250416","https://t.me/Blacklist_pvz/685"
"20250420","https://t.me/Blacklist_pvz/701"
"20250422","https://t.me/Blacklist_pvz/709"
"20250423","https://t.me/Blacklist_pvz/714"
"20250427","https://t.me/Blacklist_pvz/727"
"20250507","https://t.me/Blacklist_pvz/776"
"20250508","https://t.me/Blacklist_pvz/780"
"37464354","https://t.me/Blacklist_pvz/1357"
"57114664","https://t.me/Blacklist_pvz/1503"
"59879437","https://t.me/Blacklist_pvz/2446"
"126418701","https://t.me/Blacklist_pvz/2847"
"135535303","https://t.me/Blacklist_pvz/679"
"138921357","https://t.me/Blacklist_pvz/1351"
"165445170","https://t.me/Blacklist_pvz/2505"
"166910634","https://t.me/Blacklist_pvz/244"
"169292367","https://t.me/Blacklist_pvz/1153"
"192010251","https://t.me/Blacklist_pvz/165"
"198041883","https://t.me/Blacklist_pvz/113"
"198489970","https://t.me/Blacklist_pvz/538"
"210149602","https://t.me/Blacklist_pvz/670"
"225259928","https://t.me/Blacklist_pvz/2679"
"232643484","https://t.me/Blacklist_pvz/106"
"251084272","https://t.me/Blacklist_pvz/287"
"270713733","https://t.me/Blacklist_pvz/408"
"284922775","https://t.me/Blacklist_pvz/2342"
"335533501","https://t.me/Blacklist_pvz/543"
"348855464","https://t.me/Blacklist_pvz/2170"
"371172941","https://t.me/Blacklist_pvz/1239"
"409223249","https://t.me/Blacklist_pvz/749"
"417908755","https://t.me/Blacklist_pvz/289"
"419698137","https://t.me/Blacklist_pvz/2297"
"419916745","https://t.me/Blacklist_pvz/2498"
"424775391","https://t.me/Blacklist_pvz/1070"
"441466431","https://t.me/Blacklist_pvz/973"
"446325687","https://t.me/Blacklist_pvz/3117"
"456803139","https://t.me/Blacklist_pvz/2074"
"458165389","https://t.me/Blacklist_pvz/363"
"459858080","https://t.me/Blacklist_pvz/319"
"467716836","https://t.me/Blacklist_pvz/759"
"482794211","https://t.me/Blacklist_pvz/520"
"493534769","https://t.me/Blacklist_pvz/1674"
"498518365","https://t.me/Blacklist_pvz/341"
"503630521","https://t.me/Blacklist_pvz/2155"
"505513752","https://t.me/Blacklist_pvz/1754"
"512626320","https://t.me/Blacklist_pvz/3176"
"538530119","https://t.me/Blacklist_pvz/1894"
"544030927","https://t.me/Blacklist_pvz/1677"
"574135632","https://t.me/Blacklist_pvz/989"
"577205481","https://t.me/Blacklist_pvz/174"
"581430874","https://t.me/Blacklist_pvz/2630"
"582079770","https://t.me/Blacklist_pvz/1956"
"582082645","https://t.me/Blacklist_pvz/792"
"604111630","https://t.me/Blacklist_pvz/44"
"616148678","https://t.me/Blacklist_pvz/2013"
"623819380","https://t.me/Blacklist_pvz/723"
"626552873","https://t.me/Blacklist_pvz/752"
"637433840","https://t.me/Blacklist_pvz/2562"
"641705699","https://t.me/Blacklist_pvz/395"
"642538279","https://t.me/Blacklist_pvz/675"
"649982321","https://t.me/Blacklist_pvz/3046"
"668955472","https://t.me/Blacklist_pvz/410"
"669583013","https://t.me/Blacklist_pvz/1610"
"675559627","https://t.me/Blacklist_pvz/2574"
"698633594","https://t.me/Blacklist_pvz/205"
"705677500","https://t.me/Blacklist_pvz/2086"
"706651568","https://t.me/Blacklist_pvz/1300"
"709448852","https://t.me/Blacklist_pvz/247"
"711067139","https://t.me/Blacklist_pvz/556"
"711759479","https://t.me/Blacklist_pvz/2665"
"715716917","https://t.me/Blacklist_pvz/390"
"717614858","https://t.me/Blacklist_pvz/534"
"720804390","https://t.me/Blacklist_pvz/2526"
"726345783","https://t.me/Blacklist_pvz/841"
"729272772","https://t.me/Blacklist_pvz/2907"
"735213028","https://t.me/Blacklist_pvz/2040"
"742670135","https://t.me/Blacklist_pvz/3046"
"746091437","https://t.me/Blacklist_pvz/2152"
"747456844","https://t.me/Blacklist_pvz/151"
"755371389","https://t.me/Blacklist_pvz/307"
"761981294","https://t.me/Blacklist_pvz/594"
"785476693","https://t.me/Blacklist_pvz/940"
"792085539","https://t.me/Blacklist_pvz/1963"
"793094207","https://t.me/Blacklist_pvz/213"
"808429810","https://t.me/Blacklist_pvz/1798"
"811371823","https://t.me/Blacklist_pvz/1869"
"812386171","https://t.me/Blacklist_pvz/430"
"815551331","https://t.me/Blacklist_pvz/2443"
"815625993","https://t.me/Blacklist_pvz/537"
"816198665","https://t.me/Blacklist_pvz/1789"
"826956874","https://t.me/Blacklist_pvz/612"
"828069906","https://t.me/Blacklist_pvz/3070"
"828213614","https://t.me/Blacklist_pvz/296"
"830795060","https://t.me/Blacklist_pvz/160"
"854468938","https://t.me/Blacklist_pvz/1334"
"860572566","https://t.me/Blacklist_pvz/2865"
"862461458","https://t.me/Blacklist_pvz/1470"
"871043272","https://t.me/Blacklist_pvz/875"
"872577749","https://t.me/Blacklist_pvz/2799"
"876913165","https://t.me/Blacklist_pvz/888"
"884757315","https://t.me/Blacklist_pvz/1351"
"888562487","https://t.me/Blacklist_pvz/630"
"916219446","https://t.me/Blacklist_pvz/184"
"919112454","https://t.me/Blacklist_pvz/1556"
"925775784","https://t.me/Blacklist_pvz/706"
"930252592","https://t.me/Blacklist_pvz/1940"
"934205717","https://t.me/Blacklist_pvz/776"
"934517720","https://t.me/Blacklist_pvz/1780"
"937223878","https://t.me/Blacklist_pvz/114"
"938232766","https://t.me/Blacklist_pvz/1027"
"939186051","https://t.me/Blacklist_pvz/2403"
"948789029","https://t.me/Blacklist_pvz/1877"
"949827134","https://t.me/Blacklist_pvz/670"
"949959682","https://t.me/Blacklist_pvz/1956"
"956783836","https://t.me/Blacklist_pvz/1894"
"961352085","https://t.me/Blacklist_pvz/2226"
"962964380","https://t.me/Blacklist_pvz/595"
"963457819","https://t.me/Blacklist_pvz/1712"
"968935648","https://t.me/Blacklist_pvz/3005"
"970435448","https://t.me/Blacklist_pvz/1351"
"986628091","https://t.me/Blacklist_pvz/1886"
"989858413","https://t.me/Blacklist_pvz/753"
"993832445","https://t.me/Blacklist_pvz/1822"
"995013891","https://t.me/Blacklist_pvz/943"
"1004629300","https://t.me/Blacklist_pvz/2917"
"1017010155","https://t.me/Blacklist_pvz/630"
"1017381632","https://t.me/Blacklist_pvz/218"
"1022027067","https://t.me/Blacklist_pvz/2023"
"1025417103","https://t.me/Blacklist_pvz/2078"
"1027402958","https://t.me/Blacklist_pvz/816"
"1028137014","https://t.me/Blacklist_pvz/152"
"1031035508","https://t.me/Blacklist_pvz/1922"
"1039087051","https://t.me/Blacklist_pvz/125"
"1039185190","https://t.me/Blacklist_pvz/2498"
"1048596756","https://t.me/Blacklist_pvz/1990"
"1050401383","https://t.me/Blacklist_pvz/197"
"1053720301","https://t.me/Blacklist_pvz/142"
"1054018228","https://t.me/Blacklist_pvz/211"
"1059529809","https://t.me/Blacklist_pvz/1583"
"1063646077","https://t.me/Blacklist_pvz/120"
"1067140091","https://t.me/Blacklist_pvz/3049"
"1081701891","https://t.me/Blacklist_pvz/1239"
"1086554737","https://t.me/Blacklist_pvz/625"
"1091415074","https://t.me/Blacklist_pvz/3093"
"1091731960","https://t.me/Blacklist_pvz/2679"
"1093427181","https://t.me/Blacklist_pvz/280"
"1096535268","https://t.me/Blacklist_pvz/206"
"1107225671","https://t.me/Blacklist_pvz/132"
"1107438737","https://t.me/Blacklist_pvz/2763"
"1113509136","https://t.me/Blacklist_pvz/703"
"1114990966","https://t.me/Blacklist_pvz/898"
"1123681482","https://t.me/Blacklist_pvz/803"
"1127441317","https://t.me/Blacklist_pvz/1101"
"1129191169","https://t.me/Blacklist_pvz/2561"
"1132261822","https://t.me/Blacklist_pvz/1721"
"1156342458","https://t.me/Blacklist_pvz/84"
"1158502782","https://t.me/Blacklist_pvz/2352"
"1159446857","https://t.me/Blacklist_pvz/572"
"1173586330","https://t.me/Blacklist_pvz/222"
"1185840630","https://t.me/Blacklist_pvz/147"
"1196296312","https://t.me/Blacklist_pvz/255"
"1219648241","https://t.me/Blacklist_pvz/2232"
"1233527965","https://t.me/Blacklist_pvz/290"
"1234567890","https://t.me/Blacklist_pvz/99"
"1235037484","https://t.me/Blacklist_pvz/976"
"1238803454","https://t.me/Blacklist_pvz/67"
"1239102161","https://t.me/Blacklist_pvz/1239"
"1241814768","https://t.me/Blacklist_pvz/782"
"1245324814","https://t.me/Blacklist_pvz/2422"
"1249597050","https://t.me/Blacklist_pvz/885"
"1249627179","https://t.me/Blacklist_pvz/2988"
"1249633290","https://t.me/Blacklist_pvz/606"
"1251211992","https://t.me/Blacklist_pvz/1002"
"1254894070","https://t.me/Blacklist_pvz/1869"
"1261819882","https://t.me/Blacklist_pvz/1857"
"1268465216","https://t.me/Blacklist_pvz/234"
"1279585781","https://t.me/Blacklist_pvz/69"
"1283308195","https://t.me/Blacklist_pvz/2522"
"1294179478","https://t.me/Blacklist_pvz/387"
"1301671908","https://t.me/Blacklist_pvz/2041"
"1323908699","https://t.me/Blacklist_pvz/699"
"1325663047","https://t.me/Blacklist_pvz/1256"
"1327849672","https://t.me/Blacklist_pvz/2819"
"1333768701","https://t.me/Blacklist_pvz/382"
"1335256678","https://t.me/Blacklist_pvz/158"
"1336230096","https://t.me/Blacklist_pvz/521"
"1339189708","https://t.me/Blacklist_pvz/2821"
"1343272013","https://t.me/Blacklist_pvz/869"
"1359992940","https://t.me/Blacklist_pvz/1738"
"1360380822","https://t.me/Blacklist_pvz/1819"
"1360397462","https://t.me/Blacklist_pvz/2917"
"1369994345","https://t.me/Blacklist_pvz/2455"
"1381137486","https://t.me/Blacklist_pvz/333"
"1393406419","https://t.me/Blacklist_pvz/1568"
"1395541397","https://t.me/Blacklist_pvz/3151"
"1395894911","https://t.me/Blacklist_pvz/401"
"1407622218","https://t.me/Blacklist_pvz/2232"
"1411949593","https://t.me/Blacklist_pvz/2263"
"1447574094","https://t.me/Blacklist_pvz/2393"
"1461848290","https://t.me/Blacklist_pvz/480"
"1478457814","https://t.me/Blacklist_pvz/315"
"1496272961","https://t.me/Blacklist_pvz/2437"
"1496770704","https://t.me/Blacklist_pvz/319"
"1498260606","https://t.me/Blacklist_pvz/2740"
"1547407502","https://t.me/Blacklist_pvz/364"
"1547782693","https://t.me/Blacklist_pvz/1997"
"1548317596","https://t.me/Blacklist_pvz/832"
"1570885416","https://t.me/Blacklist_pvz/1798"
"1571528749","https://t.me/Blacklist_pvz/2250"
"1600003041","https://t.me/Blacklist_pvz/2276"
"1602600359","https://t.me/Blacklist_pvz/3036"
"1610682099","https://t.me/Blacklist_pvz/45"
"1615414165","https://t.me/Blacklist_pvz/121"
"1637695104","https://t.me/Blacklist_pvz/183"
"1640284430","https://t.me/Blacklist_pvz/279"
"1661281066","https://t.me/Blacklist_pvz/2322"
"1664188817","https://t.me/Blacklist_pvz/2017"
"1685278952","https://t.me/Blacklist_pvz/643"
"1692979780","https://t.me/Blacklist_pvz/981"
"1694116742","https://t.me/Blacklist_pvz/271"
"1700724900","https://t.me/Blacklist_pvz/2548"
"1704815230","https://t.me/Blacklist_pvz/187"
"1706765672","https://t.me/Blacklist_pvz/2574"
"1711616294","https://t.me/Blacklist_pvz/2583"
"1726095367","https://t.me/Blacklist_pvz/308"
"1738874774","https://t.me/Blacklist_pvz/238"
"1739480597","https://t.me/Blacklist_pvz/1021"
"1760360483","https://t.me/Blacklist_pvz/2751"
"1767181737","https://t.me/Blacklist_pvz/3176"
"1779878228","https://t.me/Blacklist_pvz/2683"
"1783136287","https://t.me/Blacklist_pvz/2511"
"1786276417","https://t.me/Blacklist_pvz/1483"
"1803925716","https://t.me/Blacklist_pvz/780"
"1820726837","https://t.me/Blacklist_pvz/2713"
"1830814095","https://t.me/Blacklist_pvz/701"
"1848931815","https://t.me/Blacklist_pvz/1868"
"1850167454","https://t.me/Blacklist_pvz/35"
"1862433192","https://t.me/Blacklist_pvz/2778"
"1882722425","https://t.me/Blacklist_pvz/1551"
"1897542526","https://t.me/Blacklist_pvz/2136"
"1902886712","https://t.me/Blacklist_pvz/1891"
"1912822924","https://t.me/Blacklist_pvz/489"
"1915727471","https://t.me/Blacklist_pvz/476"
"1928799001","https://t.me/Blacklist_pvz/620"
"1963721122","https://t.me/Blacklist_pvz/1534"
"1971446216","https://t.me/Blacklist_pvz/882"
"1991493243","https://t.me/Blacklist_pvz/833"
"1993781498","https://t.me/Blacklist_pvz/2588"
"1997689939","https://t.me/Blacklist_pvz/221"
"2004514503","https://t.me/Blacklist_pvz/278"
"2011738301","https://t.me/Blacklist_pvz/2487"
"2014610897","https://t.me/Blacklist_pvz/1163"
"2035911866","https://t.me/Blacklist_pvz/583"
"2039649826","https://t.me/Blacklist_pvz/1956"
"2042266370","https://t.me/Blacklist_pvz/407"
"2044881193","https://t.me/Blacklist_pvz/154"
"2054885790","https://t.me/Blacklist_pvz/1028"
"2066604022","https://t.me/Blacklist_pvz/754"
"2075929235","https://t.me/Blacklist_pvz/1026"
"2076477868","https://t.me/Blacklist_pvz/3187"
"2085517724","https://t.me/Blacklist_pvz/460"
"2090393495","https://t.me/Blacklist_pvz/78"
"2092019267","https://t.me/Blacklist_pvz/1302"
"2107757919","https://t.me/Blacklist_pvz/1075"
"2111189548","https://t.me/Blacklist_pvz/1445"
"2116402989","https://t.me/Blacklist_pvz/1946"
"2121026695","https://t.me/Blacklist_pvz/281"
"2130814431","https://t.me/Blacklist_pvz/501"
"2136646065","https://t.me/Blacklist_pvz/117"
"2146073464","https://t.me/Blacklist_pvz/1351"
"5008659930","https://t.me/Blacklist_pvz/590"
"5028572993","https://t.me/Blacklist_pvz/1066"
"5029728522","https://t.me/Blacklist_pvz/463"
"5035955822","https://t.me/Blacklist_pvz/2169"
"5045225811","https://t.me/Blacklist_pvz/2184"
"5057023252","https://t.me/Blacklist_pvz/292"
"5061893882","https://t.me/Blacklist_pvz/488"
"5064805077","https://t.me/Blacklist_pvz/1218"
"5078255047","https://t.me/Blacklist_pvz/144"
"5097249598","https://t.me/Blacklist_pvz/2875"
"5100578063","https://t.me/Blacklist_pvz/1406"
"5116677357","https://t.me/Blacklist_pvz/2178"
"5121743994","https://t.me/Blacklist_pvz/978"
"5124130091","https://t.me/Blacklist_pvz/936"
"5139671130","https://t.me/Blacklist_pvz/402"
"5147731872","https://t.me/Blacklist_pvz/191"
"5164465294","https://t.me/Blacklist_pvz/2017"
"5175911918","https://t.me/Blacklist_pvz/675"
"5177774504","https://t.me/Blacklist_pvz/73"
"5206705642","https://t.me/Blacklist_pvz/261"
"5220345243","https://t.me/Blacklist_pvz/783"
"5226667373","https://t.me/Blacklist_pvz/2173"
"5228637521","https://t.me/Blacklist_pvz/97"
"5229066706","https://t.me/Blacklist_pvz/967"
"5231876125","https://t.me/Blacklist_pvz/378"
"5236697716","https://t.me/Blacklist_pvz/2367"
"5236881432","https://t.me/Blacklist_pvz/1751"
"5243068549","https://t.me/Blacklist_pvz/1188"
"5250586606","https://t.me/Blacklist_pvz/2925"
"5252147798","https://t.me/Blacklist_pvz/1356"
"5253441269","https://t.me/Blacklist_pvz/2397"
"5263658640","https://t.me/Blacklist_pvz/427"
"5270170048","https://t.me/Blacklist_pvz/3077"
"5273017116","https://t.me/Blacklist_pvz/715"
"5276867212","https://t.me/Blacklist_pvz/932"
"5290027256","https://t.me/Blacklist_pvz/1445"
"5294477324","https://t.me/Blacklist_pvz/122"
"5309654304","https://t.me/Blacklist_pvz/1367"
"5330935927","https://t.me/Blacklist_pvz/1417"
"5335232269","https://t.me/Blacklist_pvz/369"
"5344264448","https://t.me/Blacklist_pvz/626"
"5348470140","https://t.me/Blacklist_pvz/1185"
"5365239146","https://t.me/Blacklist_pvz/603"
"5386279749","https://t.me/Blacklist_pvz/617"
"5390012296","https://t.me/Blacklist_pvz/2826"
"5400008945","https://t.me/Blacklist_pvz/2291"
"5411948322","https://t.me/Blacklist_pvz/1604"
"5420715420","https://t.me/Blacklist_pvz/1562"
"5458473700","https://t.me/Blacklist_pvz/217"
"5458507606","https://t.me/Blacklist_pvz/2993"
"5464395047","https://t.me/Blacklist_pvz/764"
"5483589203","https://t.me/Blacklist_pvz/226"
"5491116824","https://t.me/Blacklist_pvz/170"
"5492115556","https://t.me/Blacklist_pvz/2072"
"5508879812","https://t.me/Blacklist_pvz/636"
"5510947578","https://t.me/Blacklist_pvz/2129"
"5537021185","https://t.me/Blacklist_pvz/1869"
"5545668239","https://t.me/Blacklist_pvz/239"
"5559855162","https://t.me/Blacklist_pvz/591"
"5581088525","https://t.me/Blacklist_pvz/123"
"5583249682","https://t.me/Blacklist_pvz/20"
"5587604151","https://t.me/Blacklist_pvz/461"
"5600736542","https://t.me/Blacklist_pvz/1577"
"5626964394","https://t.me/Blacklist_pvz/610"
"5635009707","https://t.me/Blacklist_pvz/1304"
"5648947144","https://t.me/Blacklist_pvz/291"
"5648995381","https://t.me/Blacklist_pvz/2614"
"5654187212","https://t.me/Blacklist_pvz/1963"
"5662015346","https://t.me/Blacklist_pvz/2136"
"5663533977","https://t.me/Blacklist_pvz/159"
"5668430046","https://t.me/Blacklist_pvz/668"
"5685087903","https://t.me/Blacklist_pvz/188"
"5693837585","https://t.me/Blacklist_pvz/430"
"5697845901","https://t.me/Blacklist_pvz/847"
"5698378461","https://t.me/Blacklist_pvz/1327"
"5724518106","https://t.me/Blacklist_pvz/315"
"5734182456","https://t.me/Blacklist_pvz/2757"
"5748043910","https://t.me/Blacklist_pvz/2061"
"5759787772","https://t.me/Blacklist_pvz/876"
"5763199639","https://t.me/Blacklist_pvz/243"
"5764066224","https://t.me/Blacklist_pvz/1315"
"5770085165","https://t.me/Blacklist_pvz/337"
"5782776870","https://t.me/Blacklist_pvz/539"
"5784557935","https://t.me/Blacklist_pvz/340"
"5786925658","https://t.me/Blacklist_pvz/98"
"5800808010","https://t.me/Blacklist_pvz/3002"
"5801887508","https://t.me/Blacklist_pvz/649"
"5812462650","https://t.me/Blacklist_pvz/3061"
"5820158728","https://t.me/Blacklist_pvz/2951"
"5831584305","https://t.me/Blacklist_pvz/2902"
"5838225866","https://t.me/Blacklist_pvz/707"
"5848501089","https://t.me/Blacklist_pvz/2733"
"5857119599","https://t.me/Blacklist_pvz/724"
"5859580002","https://t.me/Blacklist_pvz/219"
"5865549974","https://t.me/Blacklist_pvz/2307"
"5867936354","https://t.me/Blacklist_pvz/2749"
"5879005368","https://t.me/Blacklist_pvz/729"
"5900820143","https://t.me/Blacklist_pvz/2147"
"5903415833","https://t.me/Blacklist_pvz/833"
"5915049347","https://t.me/Blacklist_pvz/146"
"5917075242","https://t.me/Blacklist_pvz/425"
"5928238830","https://t.me/Blacklist_pvz/190"
"5955326118","https://t.me/Blacklist_pvz/975"
"5962030015","https://t.me/Blacklist_pvz/124"
"5993807661","https://t.me/Blacklist_pvz/2180"
"6008371580","https://t.me/Blacklist_pvz/32"
"6021765459","https://t.me/Blacklist_pvz/1894"
"6022922889","https://t.me/Blacklist_pvz/2530"
"6029984026","https://t.me/Blacklist_pvz/2049"
"6036851984","https://t.me/Blacklist_pvz/1295"
"6041419046","https://t.me/Blacklist_pvz/1425"
"6046629213","https://t.me/Blacklist_pvz/1929"
"6053776800","https://t.me/Blacklist_pvz/688"
"6066399672","https://t.me/Blacklist_pvz/1891"
"6074054232","https://t.me/Blacklist_pvz/2127"
"6077638468","https://t.me/Blacklist_pvz/1645"
"6091352843","https://t.me/Blacklist_pvz/1841"
"6092069726","https://t.me/Blacklist_pvz/2362"
"6098512142","https://t.me/Blacklist_pvz/1807"
"6099663157","https://t.me/Blacklist_pvz/1580"
"6115416633","https://t.me/Blacklist_pvz/171"
"6162597061","https://t.me/Blacklist_pvz/1158"
"6167707978","https://t.me/Blacklist_pvz/3190"
"6171833376","https://t.me/Blacklist_pvz/2082"
"6178066714","https://t.me/Blacklist_pvz/922"
"6184448178","https://t.me/Blacklist_pvz/2103"
"6191509819","https://t.me/Blacklist_pvz/2043"
"6198141578","https://t.me/Blacklist_pvz/666"
"6200097091","https://t.me/Blacklist_pvz/203"
"6211922593","https://t.me/Blacklist_pvz/525"
"6220445706","https://t.me/Blacklist_pvz/391"
"6241263423","https://t.me/Blacklist_pvz/1963"
"6245528985","https://t.me/Blacklist_pvz/3157"
"6258126562","https://t.me/Blacklist_pvz/2037"
"6266421325","https://t.me/Blacklist_pvz/326"
"6275635605","https://t.me/Blacklist_pvz/671"
"6305793320","https://t.me/Blacklist_pvz/2381"
"6319861164","https://t.me/Blacklist_pvz/2801"
"6320215835","https://t.me/Blacklist_pvz/372"
"6331324322","https://t.me/Blacklist_pvz/119"
"6342799642","https://t.me/Blacklist_pvz/2746"
"6344041488","https://t.me/dooblerinfo"
"6354310311","https://t.me/Blacklist_pvz/2521"
"6362124824","https://t.me/Blacklist_pvz/56"
"6383893714","https://t.me/Blacklist_pvz/528"
"6405788548","https://t.me/Blacklist_pvz/198"
"6411646200","https://t.me/Blacklist_pvz/2765"
"6414132776","https://t.me/Blacklist_pvz/2805"
"6419606084","https://t.me/Blacklist_pvz/658"
"6434793275","https://t.me/Blacklist_pvz/2498"
"6438748542","https://t.me/Blacklist_pvz/414"
"6442002402","https://t.me/Blacklist_pvz/3037"
"6447395804","https://t.me/Blacklist_pvz/573"
"6453990210","https://t.me/Blacklist_pvz/46"
"6454631702","https://t.me/Blacklist_pvz/999"
"6460920870","https://t.me/Blacklist_pvz/820"
"6462932687","https://t.me/Blacklist_pvz/1729"
"6477333437","https://t.me/Blacklist_pvz/1830"
"6487250184","https://t.me/Blacklist_pvz/126"
"6492015988","https://t.me/Blacklist_pvz/241"
"6497275656","https://t.me/Blacklist_pvz/2565"
"6497734560","https://t.me/Blacklist_pvz/200"
"6499526031","https://t.me/Blacklist_pvz/523"
"6502159453","https://t.me/Blacklist_pvz/246"
"6502256041","https://t.me/Blacklist_pvz/230"
"6503873612","https://t.me/Blacklist_pvz/2929"
"6527195117","https://t.me/Blacklist_pvz/181"
"6541162698","https://t.me/Blacklist_pvz/82"
"6556144014","https://t.me/Blacklist_pvz/856"
"6560976580","https://t.me/Blacklist_pvz/297"
"6564910698","https://t.me/Blacklist_pvz/149"
"6584872705","https://t.me/Blacklist_pvz/1020"
"6603958797","https://t.me/Blacklist_pvz/2267"
"6604990499","https://t.me/Blacklist_pvz/2911"
"6618165094","https://t.me/Blacklist_pvz/2352"
"6627793105","https://t.me/Blacklist_pvz/402"
"6637418147","https://t.me/Blacklist_pvz/698"
"6638946150","https://t.me/Blacklist_pvz/400"
"6652492705","https://t.me/Blacklist_pvz/500"
"6675239732","https://t.me/Blacklist_pvz/2981"
"6686564034","https://t.me/Blacklist_pvz/574"
"6698682497","https://t.me/Blacklist_pvz/177"
"6717239772","https://t.me/Blacklist_pvz/656"
"6737706252","https://t.me/Blacklist_pvz/2878"
"6739178908","https://t.me/Blacklist_pvz/196"
"6771608624","https://t.me/Blacklist_pvz/587"
"6791957169","https://t.me/Blacklist_pvz/138"
"6805958486","https://t.me/Blacklist_pvz/376"
"6807644405","https://t.me/Blacklist_pvz/1134"
"6810260313","https://t.me/Blacklist_pvz/1334"
"6810777096","https://t.me/Blacklist_pvz/826"
"6831141448","https://t.me/Blacklist_pvz/207"
"6891754393","https://t.me/Blacklist_pvz/477"
"6896346281","https://t.me/Blacklist_pvz/1968"
"6898418260","https://t.me/Blacklist_pvz/42"
"6899398173","https://t.me/Blacklist_pvz/235"
"6902808511","https://t.me/Blacklist_pvz/1130"
"6919241314","https://t.me/Blacklist_pvz/964"
"6925759167","https://t.me/Blacklist_pvz/1728"
"6926991760","https://t.me/Blacklist_pvz/1848"
"6938982964","https://t.me/Blacklist_pvz/204"
"6943956930","https://t.me/Blacklist_pvz/895"
"6947745757","https://t.me/Blacklist_pvz/1769"
"6959179968","https://t.me/Blacklist_pvz/1384"
"6971821076","https://t.me/Blacklist_pvz/484"
"6972563209","https://t.me/Blacklist_pvz/1455"
"6987663698","https://t.me/Blacklist_pvz/1000"
"6992679454","https://t.me/Blacklist_pvz/907"
"7002756827","https://t.me/Blacklist_pvz/2195"
"7014948137","https://t.me/Blacklist_pvz/416"
"7022685248","https://t.me/Blacklist_pvz/2524"
"7034396653","https://t.me/Blacklist_pvz/145"
"7035183137","https://t.me/Blacklist_pvz/2147"
"7040012975","https://t.me/Blacklist_pvz/175"
"7064950160","https://t.me/Blacklist_pvz/491"
"7071091783","https://t.me/Blacklist_pvz/2765"
"7078040163","https://t.me/Blacklist_pvz/1085"
"7080262955","https://t.me/Blacklist_pvz/1838"
"7086928430","https://t.me/Blacklist_pvz/756"
"7093728024","https://t.me/Blacklist_pvz/745"
"7098649991","https://t.me/Blacklist_pvz/116"
"7142628238","https://t.me/Blacklist_pvz/1287"
"7143181412","https://t.me/Blacklist_pvz/273"
"7144558321","https://t.me/Blacklist_pvz/719"
"7146852744","https://t.me/Blacklist_pvz/473"
"7175741206","https://t.me/Blacklist_pvz/767"
"7183188983","https://t.me/Blacklist_pvz/982"
"7184867868","https://t.me/Blacklist_pvz/2374"
"7195627786","https://t.me/Blacklist_pvz/859"
"7196198027","https://t.me/Blacklist_pvz/544"
"7206001540","https://t.me/Blacklist_pvz/272"
"7207453226","https://t.me/Blacklist_pvz/2041"
"7212417320","https://t.me/Blacklist_pvz/586"
"7219481744","https://t.me/Blacklist_pvz/1894"
"7222895988","https://t.me/Blacklist_pvz/2143"
"7224752652","https://t.me/Blacklist_pvz/711"
"7226755704","https://t.me/Blacklist_pvz/2755"
"7228822372","https://t.me/Blacklist_pvz/1395"
"7245247459","https://t.me/Blacklist_pvz/110"
"7262473700","https://t.me/Blacklist_pvz/2817"
"7274816892","https://t.me/Blacklist_pvz/1431"
"7279482804","https://t.me/Blacklist_pvz/2614"
"7284539883","https://t.me/Blacklist_pvz/812"
"7287140908","https://t.me/Blacklist_pvz/2646"
"7305550779","https://t.me/Blacklist_pvz/2873"
"7320169622","https://t.me/Blacklist_pvz/2112"
"7324745650","https://t.me/Blacklist_pvz/3028"
"7326634644","https://t.me/Blacklist_pvz/721"
"7342924548","https://t.me/Blacklist_pvz/1948"
"7352444403","https://t.me/Blacklist_pvz/1864"
"7353676472","https://t.me/Blacklist_pvz/2723"
"7354243914","https://t.me/Blacklist_pvz/599"
"7354509256","https://t.me/Blacklist_pvz/2984"
"7360707787","https://t.me/Blacklist_pvz/2490"
"7367126966","https://t.me/Blacklist_pvz/2757"
"7375596362","https://t.me/Blacklist_pvz/2132"
"7376776116","https://t.me/Blacklist_pvz/1769"
"7377480345","https://t.me/Blacklist_pvz/186"
"7378003085","https://t.me/Blacklist_pvz/860"
"7379912283","https://t.me/Blacklist_pvz/555"
"7384334665","https://t.me/Blacklist_pvz/945"
"7395429742","https://t.me/Blacklist_pvz/1232"
"7403173910","https://t.me/Blacklist_pvz/2735"
"7415487280","https://t.me/Blacklist_pvz/1700"
"7457014381","https://t.me/Blacklist_pvz/495"
"7459202923","https://t.me/Blacklist_pvz/871"
"7460554826","https://t.me/Blacklist_pvz/652"
"7466936600","https://t.me/Blacklist_pvz/153"
"7517388026","https://t.me/Blacklist_pvz/1783"
"7517839851","https://t.me/Blacklist_pvz/804"
"7523146483","https://t.me/Blacklist_pvz/381"
"7532829249","https://t.me/Blacklist_pvz/639"
"7532830117","https://t.me/Blacklist_pvz/1098"
"7545936071","https://t.me/Blacklist_pvz/1139"
"7549623905","https://t.me/Blacklist_pvz/518"
"7552849681","https://t.me/Blacklist_pvz/1978"
"7553671744","https://t.me/Blacklist_pvz/609"
"7560177794","https://t.me/Blacklist_pvz/1105"
"7570194379","https://t.me/Blacklist_pvz/163"
"7570409133","https://t.me/Blacklist_pvz/1219"
"7581412355","https://t.me/Blacklist_pvz/1075"
"7583296765","https://t.me/Blacklist_pvz/2826"
"7600350738","https://t.me/Blacklist_pvz/708"
"7602807419","https://t.me/Blacklist_pvz/3190"
"7606539521","https://t.me/Blacklist_pvz/240"
"7611024114","https://t.me/Blacklist_pvz/2593"
"7614733395","https://t.me/Blacklist_pvz/168"
"7616926660","https://t.me/Blacklist_pvz/442"
"7618937235","https://t.me/Blacklist_pvz/1497"
"7622784995","https://t.me/Blacklist_pvz/1015"
"7632160015","https://t.me/Blacklist_pvz/2282"
"7633240929","https://t.me/Blacklist_pvz/954"
"7662574800","https://t.me/Blacklist_pvz/2553"
"7665578539","https://t.me/Blacklist_pvz/774"
"7685571407","https://t.me/Blacklist_pvz/409"
"7691087757","https://t.me/Blacklist_pvz/614"
"7692725266","https://t.me/Blacklist_pvz/977"
"7694345862","https://t.me/Blacklist_pvz/796"
"7701826695","https://t.me/Blacklist_pvz/935"
"7701975511","https://t.me/Blacklist_pvz/474"
"7717350273","https://t.me/Blacklist_pvz/669"
"7728263608","https://t.me/Blacklist_pvz/2654"
"7732333291","https://t.me/Blacklist_pvz/529"
"7740500159","https://t.me/Blacklist_pvz/921"
"7744336427","https://t.me/Blacklist_pvz/775"
"7744739965","https://t.me/Blacklist_pvz/546"
"7764761889","https://t.me/Blacklist_pvz/2979"
"7766538853","https://t.me/Blacklist_pvz/157"
"7775233522","https://t.me/Blacklist_pvz/1487"
"7777302562","https://t.me/Blacklist_pvz/1127"
"7787180535","https://t.me/Blacklist_pvz/908"
"7792671949","https://t.me/Blacklist_pvz/2815"
"7803299843","https://t.me/Blacklist_pvz/685"
"7810513849","https://t.me/Blacklist_pvz/94"
"7812941809","https://t.me/Blacklist_pvz/622"
"7814503149","https://t.me/Blacklist_pvz/647"
"7825423533","https://t.me/Blacklist_pvz/1012"
"7840216676","https://t.me/Blacklist_pvz/3072"
"7867107799","https://t.me/Blacklist_pvz/2397"
"7868996958","https://t.me/Blacklist_pvz/2786"
"7873822673","https://t.me/Blacklist_pvz/2030"
"7880097997","https://t.me/Blacklist_pvz/2244"
"7921099826","https://t.me/Blacklist_pvz/1252"
"7924148607","https://t.me/Blacklist_pvz/215"
"7932152165","https://t.me/Blacklist_pvz/541"
"7941617038","https://t.me/Blacklist_pvz/713"
"7956924240","https://t.me/Blacklist_pvz/428"
"7975504524","https://t.me/Blacklist_pvz/648"
"7975739643","https://t.me/Blacklist_pvz/2577"
"7979751137","https://t.me/Blacklist_pvz/3164"
"7983024394","https://t.me/Blacklist_pvz/2878"
"7985783534","https://t.me/Blacklist_pvz/877"
"7990697759","https://t.me/Blacklist_pvz/1764"
"7997216024","https://t.me/Blacklist_pvz/2091"
"8005706935","https://t.me/Blacklist_pvz/894"
"8008709432","https://t.me/Blacklist_pvz/633"
"8024012705","https://t.me/Blacklist_pvz/618"
"8029021572","https://t.me/Blacklist_pvz/1633"
"8040762649","https://t.me/Blacklist_pvz/2199"
"8068902931","https://t.me/Blacklist_pvz/3106"
"8072306940","https://t.me/Blacklist_pvz/722"
"8072570778","https://t.me/Blacklist_pvz/2597"
"8079189230","https://t.me/Blacklist_pvz/2152"
"8080911021","https://t.me/Blacklist_pvz/581"
"8099986129","https://t.me/Blacklist_pvz/358"
"8119839977","https://t.me/Blacklist_pvz/615"
"8125968734","https://t.me/Blacklist_pvz/1996"
"8135794002","https://t.me/Blacklist_pvz/660"
"8136105011","https://t.me/Blacklist_pvz/1185"
"8158957013","https://t.me/Blacklist_pvz/1090"
"8159104189","https://t.me/Blacklist_pvz/887"
"8163607480","https://t.me/Blacklist_pvz/1570"
"8164177062","https://t.me/Blacklist_pvz/227"
"8174897566","https://t.me/Blacklist_pvz/1596"
"8176519388","https://t.me/Blacklist_pvz/2670"
"8187174880","https://t.me/Blacklist_pvz/3058"
"8190457865","https://t.me/Blacklist_pvz/1971"
"8203194244","https://t.me/Blacklist_pvz/2929"
"8203521062","https://t.me/Blacklist_pvz/2023"
"8220581108","https://t.me/Blacklist_pvz/2731"
"8225981493","https://t.me/Blacklist_pvz/2948"
"8266426080","https://t.me/Blacklist_pvz/2757"
"8280711013","https://t.me/Blacklist_pvz/3071"
"8289265985","https://t.me/Blacklist_pvz/2210"
"8311310480","https://t.me/Blacklist_pvz/2637"
"8322590189","https://t.me/Blacklist_pvz/2923"
"8358472278","https://t.me/Blacklist_pvz/2384"
"8365341105","https://t.me/Blacklist_pvz/1457"
"8367933399","https://t.me/Blacklist_pvz/2569"
"8383477872","https://t.me/Blacklist_pvz/3043"
"8387211256","https://t.me/Blacklist_pvz/1248"
"8389807703","https://t.me/Blacklist_pvz/2965"
"8401308395","https://t.me/Blacklist_pvz/2567"
"8403098647","https://t.me/Blacklist_pvz/1663"
"8403303263","https://t.me/Blacklist_pvz/2703"
"8414918047","https://t.me/Blacklist_pvz/1883"
"8420785521","https://t.me/Blacklist_pvz/2114"
"8431957512","https://t.me/Blacklist_pvz/2644"
"8439952732","https://t.me/Blacklist_pvz/1802"
"8442966854","https://t.me/Blacklist_pvz/2624"
"8443460704","https://t.me/Blacklist_pvz/2597"
"8447205320","https://t.me/Blacklist_pvz/2428"
"8454519673","https://t.me/Blacklist_pvz/2957"
"8462192838","https://t.me/Blacklist_pvz/2010"
"8471503383","https://t.me/Blacklist_pvz/1169"
"8473403130","https://t.me/Blacklist_pvz/2287"
"8507785800","https://t.me/Blacklist_pvz/2735"
"8523056040","https://t.me/Blacklist_pvz/2746"
"8553813780","https://t.me/Blacklist_pvz/2511"
"8563132887","https://t.me/Blacklist_pvz/2717"
"8563824916","https://t.me/Blacklist_pvz/2993"
"8575120807","https://t.me/Blacklist_pvz/1883"
"8585468543","https://t.me/Blacklist_pvz/2502"
"8605820174","https://t.me/Blacklist_pvz/2955"
"8695613235","https://t.me/Blacklist_pvz/2799"
"8696922368","https://t.me/Blacklist_pvz/3114"
"8720074245","https://t.me/Blacklist_pvz/3163"
"8800495357","https://t.me/Blacklist_pvz/3120"
"8836992136","https://t.me/Blacklist_pvz/3188"
